{"cameraMode":{"drawMode":0,"name":"Shaded","section":"Shading Mode"},"sceneLighting":true,"audioPlay":false,"sceneViewState":{"showFog":true,"showMaterialUpdate":false,"showSkybox":true,"showFlares":true,"showImageEffects":true,"showParticleSystems":true},"in2DMode":false,"pivot":{"x":3.7841179370880129,"y":1.6732083559036255,"z":0.26523512601852419},"rotation":{"x":-0.01113035622984171,"y":0.8577076196670532,"z":0.0185133945196867,"w":0.5137403011322022},"size":6.434675216674805,"orthographic":false}